http://msa-sport.com /markets/msasport 301!
http://www.msa-sport.com /markets/msasport 301!
http://msa-sport.net /markets/msasport 301!
http://www.msa-sport.net /markets/msasport 301!
http://msa-sport.org /markets/msasport 301!
http://www.msa-sport.org /markets/msasport 301!
http://msasport.com /markets/msasport 301!
http://www.msasport.com /markets/msasport 301!
/markets /work 301!
/about/news/archive /about#team 301!
/about/news/msa-wins-outstanding-award /about#awards 301!
/about/awards /about#awards 301!
/about/cotyaward /about#awards 301!
/about/news/msa-wins-prestigious-award-for-blue-ash-summit-park /about#awards 301!
/about/news/msa-architects-columbus-job-opening-project-designer-architect /contact#careers 301!
/about/news/msa-architects-hiring-at-our-cincinnati-hq /contact#careers 301!
/about/news /design-thinking 301!
/about/news/* /design-thinking 301!
/MakeItOfficial / 301!
/media/W1siZiIsIjIwMTgvMDQvMDUvMTVfMzBfMTVfNTE3XzE4X0NvdFlfRmxpZXJfRm9ybV9GaWxsLnBkZiJdXQ/18_CotY%20Flier_Form_Fill.pdf / 301!
/media/* /design-thinking 301!
/about/services-what-we-do /about#disciplines 301!
/about/universal-green-design /about 301!
/careers /contact#careers 301!
/careers/* /contact#careers 301!
/contact/email/* /contact#email 301!
/contact/partnerships /contact 301!
/team/* /about#team 301!
/portfolio/msa-corporate/3cdc-offices /markets/corporate/3cdc-offices 301!
/portfolio/msa-corporate/ample /markets/corporate/ample 301!
/portfolio/msa-corporate/empower /markets/corporate/empower 301!
/portfolio/msa-corporate/kendle-international-2 /markets/corporate/kendle-international 301!
/portfolio/msa-corporate/paycor-corporate-headquarters /markets/corporate/paycor-corporate-headquarters 301!
/portfolio/msa-corporate/the-guilford-building /markets/corporate/the-guilford-building 301!
/portfolio/msa-corporate /markets/corporate 301!
/portfolio/msa-corporate/* /markets/corporate 301!
/portfolio/planning/city-of-middletown-fire-master-plan /markets/civic 301!
/portfolio/planning/liberty-township-facilities-master-plan /markets/civic 301!
/portfolio/planning/plain-township-fire-department-master-plan /markets/civic 301!
/portfolio/planning/diamond-oaks-career-development-campus /markets/education/diamond-oaks-career-campus 301!
/portfolio/planning/highland-high-school /markets/education/highland-schools 301!
/portfolio/planning/highland-local-schools-outdoor-athletic-complex /markets/education/highland-schools 301!
/portfolio/planning/laurel-oaks-career-development-campus /markets/education/laurel-oaks-live-oaks-career-campus 301!
/portfolio/planning/live-oaks-career-development-campus /markets/education/laurel-oaks-live-oaks-career-campus 301!
/portfolio/planning/northern-kentucky-university-central-plaza /markets/education/northern-kentucky-university-central-plaza 301!
/portfolio/planning/scarlet-oaks-career-development-campus /markets/education/scarlet-oaks-career-campus 301!
/portfolio/planning/wright-state-university-woods-commons /markets/education/wright-state-university-woods-commons 301!
/portfolio/planning/findlay-market-playfield /markets/lifestyle/findlay-kitchen 301!
/portfolio/planning/city-of-blue-ash-summit-park /markets/sport/blue-ash-summit-park 301!
/portfolio/planning/cincinnati-reds-fan-zone-master-plan /markets/sport/reds-fanzone 301!
/portfolio/planning/metro-uptown-transit-district /markets/transportation/metro-uptown-transit-district 301!
/portfolio/planning/city-of-forest-park-facilities-and-master-plan /work 301!
/portfolio/planning/city-of-richmond-strategic-linkage-plan /work 301!
/portfolio/planning/city-of-vandalia-facility-master-plan-and-fire-response-mapping-study /work 301!
/portfolio/planning/archbishop-mcnicholas-high-school-athletic-complex /work 301!
/portfolio/planning/covington-commons-master-plan /work 301!
/portfolio/planning /work 301!
/portfolio/planning/* /work 301!
/portfolio/msa-education/diamond-oaks-career-development-campus /markets/education/diamond-oaks-career-campus 301!
/portfolio/msa-education/highland-elementary-school /markets/education/highland-schools 301!
/portfolio/msa-education/highland-high-school /markets/education/highland-schools 301!
/portfolio/msa-education/highland-middle-school /markets/education/highland-schools 301!
/portfolio/msa-education/laurel-oaks-career-development-campus /markets/education/laurel-oaks-live-oaks-career-campus 301!
/portfolio/msa-education/live-oaks-career-development-campus /markets/education/laurel-oaks-live-oaks-career-campus 301!
/portfolio/msa-education/madeira-high-school-perin-media-center /markets/education/madeira-perin-learning-commons 301!
/portfolio/msa-education/miami-university-middletown /markets/education/miami-university-middletown 301!
/portfolio/msa-education/mount-notre-dame-high-school /markets/education/mount-notre-dame-high-school 301!
/portfolio/msa-education/northern-kentucky-university-central-plaza /markets/education/northern-kentucky-university-central-plaza 301!
/portfolio/msa-education/northern-kentucky-university-student-success-center /markets/education/northern-kentucky-university-student-success-center 301!
/portfolio/msa-education/ramtec-center-at-scarlet-oaks /markets/education/ramtec-center-scarlet-oaks 301!
/portfolio/msa-education/scarlet-oaks-career-development-campus /markets/education/scarlet-oaks-career-campus 301!
/portfolio/msa-education/scarlet-oaks-the-commissary /markets/education/scarlet-oaks-career-campus 301!
/portfolio/msa-education/turner-design-center /markets/education/university-of-cincinnati-turner-design-center 301!
/portfolio/msa-education/wright-state-university-woods-commons /markets/education/wright-state-university-woods-commons 301!
/portfolio/msa-education/xavier-university-alter-hall-renovation /markets/education/xavier-university-alter-hall 301!
/portfolio/msa-education/xavier-university-new-classroom-building /markets/education/xavier-university-alter-hall 301!
/portfolio/msa-education/xavier-university-master-plan /markets/education/xavier-university-master-plan 301!
/portfolio/msa-education/xavier-university-residence-hall-central-dining-facility /markets/education/xavier-university-residence-hall 301!
/portfolio/msa-education/ohio-university-sook-academic-athletic-center /markets/sport/ohio-university-sook-athletic-center 301!
/portfolio/msa-education/wilmington-college-center-for-sport-sciences /markets/sport/wilmington-college-center-for-sport-sciences 301!
/portfolio/msa-education/wilmington-college-pyle-student-center /markets/sport/wilmington-college-center-for-sport-sciences 301!
/portfolio/msa-education /markets/education 301!
/portfolio/msa-education/* /markets/education 301!
/portfolio/msa-government /markets/civic 301!
/portfolio/msa-government/* /markets/civic 301!
/portfolio/msa-lifestyle/cvg-airport-nil-terminal-3-wayfinding /markets/graphics/cvg-international-airport-graphics 301!
/portfolio/msa-lifestyle/cvg-greater-cincinnatinorthern-kentucky-international-airport-terminal-3-concourse-a-and-tunnel-graphics-and-wayfinding /markets/graphics/cvg-international-airport-graphics 301!
/portfolio/msa-transportation/cvg-airport-nil-terminal-3-wayfinding /markets/graphics/cvg-international-airport-graphics 301!
/portfolio/msa-transportation/cvg-greater-cincinnatinorthern-kentucky-international-airport-terminal-3-concourse-a-and-tunnel-graphics-and-wayfinding /markets/graphics/cvg-international-airport-graphics 301!
/portfolio/msa-transportation/government-square-signage /markets/graphics/government-square-transit-center-signage 301!
/portfolio/msa-environmental-graphics/kendle-international-graphics-and-interior-wayfinding /markets/corporate/kendle-international 301!
/portfolio/msa-environmental-graphics/city-of-blue-ash-recreation-center-wayfinding-graphics /markets/graphics/blue-ash-summit-park-graphics 301!
/portfolio/msa-environmental-graphics/cincinnatinorthern-kentucky-international-airport-concourse-b-food-court-and-lounge /markets/graphics/cvg-international-airport-graphics 301!
/portfolio/msa-environmental-graphics/cvg-airport-nil-terminal-3-wayfinding /markets/graphics/cvg-international-airport-graphics 301!
/portfolio/msa-environmental-graphics/cvg-concourse-a /markets/graphics/cvg-international-airport-graphics 301!
/portfolio/msa-environmental-graphics/cvg-greater-cincinnatinorthern-kentucky-international-airport-terminal-3-concourse-a-and-tunnel-graphics-and-wayfinding /markets/graphics/cvg-international-airport-graphics 301!
/portfolio/msa-environmental-graphics/greater-cincinnatinorthern-kentucky-international-airport /markets/graphics/cvg-international-airport-graphics 301!
/portfolio/msa-environmental-graphics/government-square-signage /markets/graphics/government-square-transit-center-signage 301!
/portfolio/msa-environmental-graphics/cincinnati-reds-special-events /markets/graphics/great-american-ball-park-graphics 301!
/portfolio/msa-environmental-graphics/fox-sports-ohio-champions-club-at-great-american-ball-park /markets/graphics/great-american-ball-park-graphics 301!
/portfolio/msa-environmental-graphics/reds-brewery-district /markets/graphics/great-american-ball-park-graphics 301!
/portfolio/msa-environmental-graphics/houston-astros /markets/graphics/houston-astros-minute-maid-park-graphics 301!
/portfolio/msa-environmental-graphics/port-columbus-international-airport-essence-master-plan /markets/graphics/john-glenn-columbus-international-airport-graphics 301!
/portfolio/msa-environmental-graphics/metro-uptown-transit-district /markets/graphics/metro-uptown-transit-district-graphics 301!
/portfolio/msa-environmental-graphics/mitas-restaurant /markets/graphics/mitas-restaurant-graphics 301!
/portfolio/msa-environmental-graphics/northern-kentucky-university-student-success-center /markets/graphics/northern-kentucky-university-student-success-center-graphics 301!
/portfolio/msa-environmental-graphics/great-oaks-career-campuses-exterior-wayfinding /markets/graphics/scarlet-oaks-career-campus-graphics 301!
/portfolio/msa-environmental-graphics/great-oaks-interior-wayfinding /markets/graphics/scarlet-oaks-career-campus-graphics 301!
/portfolio/msa-environmental-graphics/great-oaks-specialty-graphics /markets/graphics/scarlet-oaks-career-campus-graphics 301!
/portfolio/msa-environmental-graphics/ramtec-center-at-scarlet-oaks /markets/graphics/scarlet-oaks-career-campus-graphics 301!
/portfolio/msa-environmental-graphics/scarlet-oaks-commissary /markets/graphics/scarlet-oaks-career-campus-graphics 301!
/portfolio/msa-environmental-graphics/wilmington-college-center-for-sport-sciences /markets/graphics/wilmington-college-center-for-sport-sciences-graphics 301!
/portfolio/msa-environmental-graphics/xu-cintas-center-graphics-and-environmental-graphic-design /markets/interiors/xavier-university-cintas-center 301!
/portfolio/msa-environmental-graphics/the-pub-at-crestview-hills /markets/lifestyle/the-pub 301!
/portfolio/msa-environmental-graphics/the-pub-at-fourth-street-live /markets/lifestyle/the-pub 301!
/portfolio/msa-environmental-graphics/the-pub-at-rookwood-mews /markets/lifestyle/the-pub 301!
/portfolio/msa-environmental-graphics/reds-urban-youth-academy-exterior-wayfinding /markets/sport/p-and-g-mlb-youth-academy 301!
/portfolio/msa-environmental-graphics/university-of-cincinnati-sheakley-athletics-complex-graphics-and-environmental-design /markets/sport/university-of-cincinnati-sheakley-athletics-center 301!
/portfolio/msa-environmental-graphics/cincinnati-reds-fan-zone-master-plan /markets/sport/reds-fanzone 301!
/portfolio/msa-environmental-graphics/xavier-university-strength-and-conditioning-center /markets/sport/xavier-university-strength-conditioning-center 301!
/portfolio/msa-environmental-graphics/tank-covington-transit-center /markets/graphics/tank-covington-transit-center-graphics 301!
/portfolio/msa-environmental-graphics /markets/graphics 301!
/portfolio/msa-environmental-graphics/* /markets/graphics 301!
/portfolio/msa-lifestyle/abigail-street /markets/interiors/abigail-street 301!
/portfolio/msa-lifestyle/mitas-restaurant /markets/interiors/mitas-restaurant 301!
/portfolio/msa-lifestyle/salazar /markets/interiors/salazar 301!
/portfolio/msa-lifestyle/senate /markets/interiors/senate-otr 301!
/portfolio/msa-lifestyle/city-of-blue-ash-summit-park /markets/lifestyle/blue-ash-summit-park-dining 301!
/portfolio/msa-lifestyle/reds-brewery-district /markets/lifestyle/cincinnati-reds-brewery-district 301!
/portfolio/msa-lifestyle/the-pub-at-crestview-hills /markets/lifestyle/the-pub 301!
/portfolio/msa-lifestyle/the-pub-at-fourth-street-live /markets/lifestyle/the-pub 301!
/portfolio/msa-lifestyle/the-pub-at-rookwood-mews /markets/lifestyle/the-pub 301!
/portfolio/msa-lifestyle/zula-restaurant-and-wine-bar /markets/lifestyle/zula-restaurant-wine-bar 301!
/portfolio/msa-lifestyle/fs-ohio-champions-club-at-great-american-ballpark /markets/sport/fox-sports-ohio-champions-club 301!
/portfolio/msa-lifestyle/cincinnati-reds-fan-zone-master-plan /markets/sport/reds-fanzone 301!
/portfolio/msa-lifestyle/cincinnatinorthern-kentucky-international-airport-concourse-b-food-court-and-lounge /markets/transportation/cvg-international-airport 301!
/portfolio/msa-lifestyle/cvg-concourse-a /markets/transportation/cvg-international-airport 301!
/portfolio/msa-lifestyle/greater-cincinnatinorthern-kentucky-international-airport /markets/transportation/cvg-international-airport 301!
/portfolio/msa-lifestyle /markets/lifestyle 301!
/portfolio/msa-lifestyle/* /markets/lifestyle 301!
/portfolio/msa-religious/anderson-hills-united-methodist-church /markets/religious/anderson-hills-united-methodist-church 301!
/portfolio/msa-religious/hyde-park-community-united-methodist-church /markets/religious/hyde-park-community-united-methodist-church 301!
/portfolio/msa-religious/kk-bene-israel-rockdale-temple /markets/religious/k-k-bene-israel-rockdale-temple 301!
/portfolio/msa-religious/knox-presbyterian-church /markets/religious/knox-presbyterian-church 301!
/portfolio/msa-religious/sisters-of-notre-dame-chapel /markets/religious/sisters-of-notre-dame-chapel 301!
/portfolio/msa-religious/st-francis-de-sales /markets/religious/st-francis-de-sales 301!
/portfolio/msa-religious/st-luke-the-evangelist-church /markets/religious/st-luke-the-evangelist-church 301!
/portfolio/msa-religious/sycamore-presbyterian-church /markets/religious/sycamore-presbyterian-church 301!
/portfolio/msa-religious /markets/religious 301!
/portfolio/msa-religious/* /markets/religious 301!
/portfolio/msa-sport/cintas-center-at-xavier-university /markets/interiors/xavier-university-cintas-center 301!
/portfolio/msa-sport/reds-brewery-district /markets/lifestyle/cincinnati-reds-brewery-district 301!
/portfolio/msa-sport/beacon-orthopaedics-and-sports-medicine /markets/sport/beacon-orthopaedics 301!
/portfolio/msa-sport/beacon-orthopedics-and-sports-medicine /markets/sport/beacon-orthopaedics 301!
/portfolio/msa-sport/city-of-blue-ash-recreation-center /markets/sport/blue-ash-recreation-center 301!
/portfolio/msa-sport/city-of-blue-ash-summit-park /markets/sport/blue-ash-summit-park 301!
/portfolio/msa-sport/chaminade-julienne-catholic-high-school-roger-glass-stadium /markets/sport/chaminade-julienne 301!
/portfolio/msa-sport/fc-cincinnati-university-of-cincinnati-nippert-stadium /markets/sport/fc-cincinnati-nippert-stadium 301!
/portfolio/msa-sport/fs-ohio-champions-club-at-great-american-ballpark /markets/sport/fox-sports-ohio-champions-club 301!
/portfolio/msa-sport/great-american-ballpark /markets/sport/great-american-ball-park 301!
/portfolio/msa-sport/hobart-arena /markets/sport/hobart-arena 301!
/portfolio/msa-sport/houston-astros /markets/sport/houston-astros-minute-maid-park 301!
/portfolio/msa-sport/marion-lincoln-park-field /markets/sport/marion-lincoln-park-field 301!
/portfolio/msa-sport/miami-university-yager-stadium-indoor-practice-facility /markets/sport/miami-university-yager-stadium 301!
/portfolio/msa-sport/yager-stadium-renovation-at-miami-university /markets/sport/miami-university-yager-stadium 301!
/portfolio/msa-sport/norseman-soccer-stadium-northern-kentucky-university /markets/sport/northern-kentucky-university-soccer-stadium 301!
/portfolio/msa-sport/oakwood-city-schools-new-athletic-facility /markets/sport/oakwood-athletic-complex 301!
/portfolio/msa-sport/www.oakwoodathleticproject.org /markets/sport/oakwood-athletic-complex 301!
/portfolio/msa-sport/ohio-university-sook-academic-athletic-center /markets/sport/ohio-university-sook-athletic-center 301!
/portfolio/msa-sport/cincinnati-recreation-commission-price-hill-recreation-and-aquatics-center /markets/sport/price-hill-recreation-aquatics-center 301!
/portfolio/msa-sport/cincinnati-reds-fan-zone-master-plan /markets/sport/reds-fanzone 301!
/portfolio/msa-sport/shawnee-state-university /markets/sport/shawnee-state-university-rhodes-athletic-center 301!
/portfolio/msa-sport/shawnee-state-university-james-a-rhodes-athletic-center /markets/sport/shawnee-state-university-rhodes-athletic-center 301!
/portfolio/msa-sport/st-xavier-high-school-athletic-complex /markets/sport/st-xavier-ballaban-field 301!
/portfolio/msa-sport/us-bank-arena-renovation /markets/sport/us-bank-arena 301!
/portfolio/msa-sport/wesbanco-arena-renovation /markets/sport/wesbanco-arena 301!
/portfolio/msa-sport/wilmington-college-center-for-sport-sciences /markets/sport/wilmington-college-center-for-sport-sciences 301!
/portfolio/msa-sport/wilmington-college-the-jenna-parlette-running-center /markets/sport/wilmington-college-center-for-sport-sciences 301!
/portfolio/msa-sport/xavier-university-strength-and-conditioning-center /markets/sport/xavier-university-strength-conditioning-center 301!
/portfolio/msa-sport /markets/sport 301!
/portfolio/msa-sport/* /markets/sport 301!
/portfolio/msa-transportation/cincinnatinorthern-kentucky-international-airport-concourse-b-food-court-and-lounge /markets/transportation/cvg-international-airport 301!
/portfolio/msa-transportation/cvg-concourse-a /markets/transportation/cvg-international-airport 301!
/portfolio/msa-transportation/greater-cincinnatinorthern-kentucky-international-airport /markets/transportation/cvg-international-airport 301!
/portfolio/msa-transportation/government-square-transit-center /markets/transportation/government-square-transit-center 301!
/portfolio/msa-transportation/port-columbus-international-airport-essence-master-plan /markets/transportation/john-glenn-columbus-international-airport 301!
/portfolio/msa-transportation/metro-northside-transit-center /markets/transportation/metro-northside-transit-center 301!
/portfolio/msa-transportation/metro-uptown-transit-district /markets/transportation/metro-uptown-transit-district 301!
/portfolio/msa-transportation/tank-covington-transit-center /markets/transportation/tank-covington-transit-center 301!
/portfolio/msa-transportation/tank-dixie-highway-transit-corridor /markets/transportation/tank-covington-transit-center 301!
/portfolio/msa-transportation/tank-express /markets/transportation/tank-covington-transit-center 301!
/portfolio/msa-transportation /markets/transportation 301!
/portfolio/msa-transportation/* /markets/transportation 301!
/markets/:market_slug/:slug /projects/:slug 301!